{
  "schema": "1.0",
  "type": "whmcs-gateways",
  "name": "usdtoptimism",
  "license": "proprietary",
  "category": "payments",
  "description": {
    "name": "usdtoptimism",
    "tagline": "USDT optimism Crypto Payment Gateway (No KYC)",
    "long": "Crypto optimism-usdt Paymnet Gateway with instant payouts to your walllet without KYC ",
    "features": [
      "Accept USDT optimism directly on your website",
      "Unique optimism/usdt receiving address for every order",
      "Instant payouts settlement to your optimism/usdt wallet",
      "ZERO KYC for both the merchant and the customer."
    ]
  },
  "logo": {
    "filename": "usdtoptimism.png"
  },
  "support": {
    "homepage": "https:\/\/paygate.to\/",
    "docs_url": "https:\/\/paygate.to\/"
  },
  "authors": [
    {
      "name": "PayGate.to",
      "homepage": "https:\/\/paygate.to\/"
    }
  ]
}
