{
  "schema": "1.0",
  "type": "whmcs-gateways",
  "name": "btc",
  "license": "proprietary",
  "category": "payments",
  "description": {
    "name": "btc",
    "tagline": "Bitcoin Crypto Payment Gateway (No KYC)",
    "long": "Crypto btc Paymnet Gateway with instant payouts to your walllet without KYC ",
    "features": [
      "Accept Bitcoin directly on your website",
      "Unique btc receiving address for every order",
      "Instant payouts settlement to your btc wallet",
      "ZERO KYC for both the merchant and the customer."
    ]
  },
  "logo": {
    "filename": "btc.png"
  },
  "support": {
    "homepage": "https:\/\/paygate.to\/",
    "docs_url": "https:\/\/paygate.to\/"
  },
  "authors": [
    {
      "name": "PayGate.to",
      "homepage": "https:\/\/paygate.to\/"
    }
  ]
}
