{
  "schema": "1.0",
  "type": "whmcs-gateways",
  "name": "btctrc20",
  "license": "proprietary",
  "category": "payments",
  "description": {
    "name": "btctrc20",
    "tagline": "BTC trc20 Crypto Payment Gateway (No KYC)",
    "long": "Crypto trc20-btc Paymnet Gateway with instant payouts to your walllet without KYC ",
    "features": [
      "Accept BTC trc20 directly on your website",
      "Unique trc20/btc receiving address for every order",
      "Instant payouts settlement to your trc20/btc wallet",
      "ZERO KYC for both the merchant and the customer."
    ]
  },
  "logo": {
    "filename": "btctrc20.png"
  },
  "support": {
    "homepage": "https:\/\/paygate.to\/",
    "docs_url": "https:\/\/paygate.to\/"
  },
  "authors": [
    {
      "name": "PayGate.to",
      "homepage": "https:\/\/paygate.to\/"
    }
  ]
}
