{
  "schema": "1.0",
  "type": "whmcs-gateways",
  "name": "usdcsol",
  "license": "proprietary",
  "category": "payments",
  "description": {
    "name": "usdcsol",
    "tagline": "USDC Solana Crypto Payment Gateway (No KYC)",
    "long": "Crypto sol-usdc Paymnet Gateway with instant payouts to your walllet without KYC ",
    "features": [
      "Accept USDC Solana directly on your website",
      "Unique sol/usdc receiving address for every order",
      "Instant payouts settlement to your sol/usdc wallet",
      "ZERO KYC for both the merchant and the customer."
    ]
  },
  "logo": {
    "filename": "usdcsol.png"
  },
  "support": {
    "homepage": "https:\/\/paygate.to\/",
    "docs_url": "https:\/\/paygate.to\/"
  },
  "authors": [
    {
      "name": "PayGate.to",
      "homepage": "https:\/\/paygate.to\/"
    }
  ]
}
