{
  "schema": "1.0",
  "type": "whmcs-gateways",
  "name": "btcbbep20",
  "license": "proprietary",
  "category": "payments",
  "description": {
    "name": "btcbbep20",
    "tagline": "BTCB bep20 Crypto Payment Gateway (No KYC)",
    "long": "Crypto bep20-btcb Paymnet Gateway with instant payouts to your walllet without KYC ",
    "features": [
      "Accept BTCB bep20 directly on your website",
      "Unique bep20/btcb receiving address for every order",
      "Instant payouts settlement to your bep20/btcb wallet",
      "ZERO KYC for both the merchant and the customer."
    ]
  },
  "logo": {
    "filename": "btcbbep20.png"
  },
  "support": {
    "homepage": "https:\/\/paygate.to\/",
    "docs_url": "https:\/\/paygate.to\/"
  },
  "authors": [
    {
      "name": "PayGate.to",
      "homepage": "https:\/\/paygate.to\/"
    }
  ]
}
