{
  "schema": "1.0",
  "type": "whmcs-gateways",
  "name": "wbtcarbitrum",
  "license": "proprietary",
  "category": "payments",
  "description": {
    "name": "wbtcarbitrum",
    "tagline": "Wrapped BTC arbitrum Crypto Payment Gateway (No KYC)",
    "long": "Crypto arbitrum-wbtc Paymnet Gateway with instant payouts to your walllet without KYC ",
    "features": [
      "Accept Wrapped BTC arbitrum directly on your website",
      "Unique arbitrum/wbtc receiving address for every order",
      "Instant payouts settlement to your arbitrum/wbtc wallet",
      "ZERO KYC for both the merchant and the customer."
    ]
  },
  "logo": {
    "filename": "wbtcarbitrum.png"
  },
  "support": {
    "homepage": "https:\/\/paygate.to\/",
    "docs_url": "https:\/\/paygate.to\/"
  },
  "authors": [
    {
      "name": "PayGate.to",
      "homepage": "https:\/\/paygate.to\/"
    }
  ]
}
