{
  "schema": "1.0",
  "type": "whmcs-gateways",
  "name": "bch",
  "license": "proprietary",
  "category": "payments",
  "description": {
    "name": "bch",
    "tagline": "Bitcoin Cash Crypto Payment Gateway (No KYC)",
    "long": "Crypto bch Paymnet Gateway with instant payouts to your walllet without KYC ",
    "features": [
      "Accept Bitcoin Cash directly on your website",
      "Unique bch receiving address for every order",
      "Instant payouts settlement to your bch wallet",
      "ZERO KYC for both the merchant and the customer."
    ]
  },
  "logo": {
    "filename": "bch.png"
  },
  "support": {
    "homepage": "https:\/\/paygate.to\/",
    "docs_url": "https:\/\/paygate.to\/"
  },
  "authors": [
    {
      "name": "PayGate.to",
      "homepage": "https:\/\/paygate.to\/"
    }
  ]
}
