{
  "schema": "1.0",
  "type": "whmcs-gateways",
  "name": "solsol",
  "license": "proprietary",
  "category": "payments",
  "description": {
    "name": "solsol",
    "tagline": "Solana Crypto Payment Gateway (No KYC)",
    "long": "Crypto Solana Paymnet Gateway with instant payouts to your walllet without KYC ",
    "features": [
      "Accept Solana directly on your website",
      "Unique Solana receiving address for every order",
      "Instant payouts settlement to your Solana wallet",
      "ZERO KYC for both the merchant and the customer."
    ]
  },
  "logo": {
    "filename": "solsol.png"
  },
  "support": {
    "homepage": "https:\/\/paygate.to\/",
    "docs_url": "https:\/\/paygate.to\/"
  },
  "authors": [
    {
      "name": "PayGate.to",
      "homepage": "https:\/\/paygate.to\/"
    }
  ]
}
