{
  "schema": "1.0",
  "type": "whmcs-gateways",
  "name": "ltcbep20",
  "license": "proprietary",
  "category": "payments",
  "description": {
    "name": "ltcbep20",
    "tagline": "LTC bep20 Crypto Payment Gateway (No KYC)",
    "long": "Crypto bep20-ltc Paymnet Gateway with instant payouts to your walllet without KYC ",
    "features": [
      "Accept LTC bep20 directly on your website",
      "Unique bep20/ltc receiving address for every order",
      "Instant payouts settlement to your bep20/ltc wallet",
      "ZERO KYC for both the merchant and the customer."
    ]
  },
  "logo": {
    "filename": "ltcbep20.png"
  },
  "support": {
    "homepage": "https:\/\/paygate.to\/",
    "docs_url": "https:\/\/paygate.to\/"
  },
  "authors": [
    {
      "name": "PayGate.to",
      "homepage": "https:\/\/paygate.to\/"
    }
  ]
}
