{
  "schema": "1.0",
  "type": "whmcs-gateways",
  "name": "wethsol",
  "license": "proprietary",
  "category": "payments",
  "description": {
    "name": "wethsol",
    "tagline": "Wrapped Ether Solana Crypto Payment Gateway (No KYC)",
    "long": "Crypto sol-weth Paymnet Gateway with instant payouts to your walllet without KYC ",
    "features": [
      "Accept Wrapped Ether Solana directly on your website",
      "Unique sol/weth receiving address for every order",
      "Instant payouts settlement to your sol/weth wallet",
      "ZERO KYC for both the merchant and the customer."
    ]
  },
  "logo": {
    "filename": "wethsol.png"
  },
  "support": {
    "homepage": "https:\/\/paygate.to\/",
    "docs_url": "https:\/\/paygate.to\/"
  },
  "authors": [
    {
      "name": "PayGate.to",
      "homepage": "https:\/\/paygate.to\/"
    }
  ]
}
