{
  "schema": "1.0",
  "type": "whmcs-gateways",
  "name": "wethpolygon",
  "license": "proprietary",
  "category": "payments",
  "description": {
    "name": "wethpolygon",
    "tagline": "Wrapped Ether polygon Crypto Payment Gateway (No KYC)",
    "long": "Crypto polygon-weth Paymnet Gateway with instant payouts to your walllet without KYC ",
    "features": [
      "Accept Wrapped Ether polygon directly on your website",
      "Unique polygon/weth receiving address for every order",
      "Instant payouts settlement to your polygon/weth wallet",
      "ZERO KYC for both the merchant and the customer."
    ]
  },
  "logo": {
    "filename": "wethpolygon.png"
  },
  "support": {
    "homepage": "https:\/\/paygate.to\/",
    "docs_url": "https:\/\/paygate.to\/"
  },
  "authors": [
    {
      "name": "PayGate.to",
      "homepage": "https:\/\/paygate.to\/"
    }
  ]
}
