{
  "schema": "1.0",
  "type": "whmcs-gateways",
  "name": "doge",
  "license": "proprietary",
  "category": "payments",
  "description": {
    "name": "doge",
    "tagline": "Dogecoin Crypto Payment Gateway (No KYC)",
    "long": "Crypto doge Paymnet Gateway with instant payouts to your walllet without KYC ",
    "features": [
      "Accept Dogecoin directly on your website",
      "Unique doge receiving address for every order",
      "Instant payouts settlement to your doge wallet",
      "ZERO KYC for both the merchant and the customer."
    ]
  },
  "logo": {
    "filename": "doge.png"
  },
  "support": {
    "homepage": "https:\/\/paygate.to\/",
    "docs_url": "https:\/\/paygate.to\/"
  },
  "authors": [
    {
      "name": "PayGate.to",
      "homepage": "https:\/\/paygate.to\/"
    }
  ]
}
