{
  "schema": "1.0",
  "type": "whmcs-gateways",
  "name": "usdcepolygon",
  "license": "proprietary",
  "category": "payments",
  "description": {
    "name": "usdcepolygon",
    "tagline": "USD Coin (Bridged) polygon Crypto Payment Gateway (No KYC)",
    "long": "Crypto polygon-usdc.e Paymnet Gateway with instant payouts to your walllet without KYC ",
    "features": [
      "Accept USD Coin (Bridged) polygon directly on your website",
      "Unique polygon/usdc.e receiving address for every order",
      "Instant payouts settlement to your polygon/usdc.e wallet",
      "ZERO KYC for both the merchant and the customer."
    ]
  },
  "logo": {
    "filename": "usdcepolygon.png"
  },
  "support": {
    "homepage": "https:\/\/paygate.to\/",
    "docs_url": "https:\/\/paygate.to\/"
  },
  "authors": [
    {
      "name": "PayGate.to",
      "homepage": "https:\/\/paygate.to\/"
    }
  ]
}
