{
  "schema": "1.0",
  "type": "whmcs-gateways",
  "name": "polpolygon",
  "license": "proprietary",
  "category": "payments",
  "description": {
    "name": "polpolygon",
    "tagline": "POL Polygon Crypto Payment Gateway (No KYC)",
    "long": "Crypto polygon-pol Paymnet Gateway with instant payouts to your walllet without KYC ",
    "features": [
      "Accept POL Polygon directly on your website",
      "Unique polygon/pol receiving address for every order",
      "Instant payouts settlement to your polygon/pol wallet",
      "ZERO KYC for both the merchant and the customer."
    ]
  },
  "logo": {
    "filename": "polpolygon.png"
  },
  "support": {
    "homepage": "https:\/\/paygate.to\/",
    "docs_url": "https:\/\/paygate.to\/"
  },
  "authors": [
    {
      "name": "PayGate.to",
      "homepage": "https:\/\/paygate.to\/"
    }
  ]
}
